optimization,width,height,run,time_ms,checksum
O0,64,64,1,0.481,1992.227
O0,64,64,2,0.448,1992.227
O0,64,64,3,0.466,1992.227
O0,64,64,4,0.504,1992.227
O0,64,64,5,0.447,1992.227
O0,64,64,6,0.464,1992.227
O0,64,64,7,0.497,1992.227
O0,64,64,8,0.235,1992.227
O0,64,64,9,0.235,1992.227
O0,181,181,1,1.921,16273.180
O0,181,181,2,1.880,16273.180
O0,181,181,3,1.878,16273.180
O0,181,181,4,1.875,16273.180
O0,181,181,5,1.879,16273.180
O0,181,181,6,1.881,16273.180
O0,181,181,7,1.875,16273.180
O0,181,181,8,1.884,16273.180
O0,181,181,9,1.872,16273.180
O0,1254,1254,1,32.120,785346.871
O0,1254,1254,2,32.303,785346.871
O0,1254,1254,3,32.296,785346.871
O0,1254,1254,4,32.326,785346.871
O0,1254,1254,5,32.303,785346.871
O0,1254,1254,6,32.216,785346.871
O0,1254,1254,7,31.896,785346.871
O0,1254,1254,8,32.205,785346.871
O0,1254,1254,9,32.223,785346.871
O0,2048,2048,1,87.083,2094949.056
O0,2048,2048,2,88.414,2094949.056
O0,2048,2048,3,87.535,2094949.056
O0,2048,2048,4,87.245,2094949.056
O0,2048,2048,5,89.445,2094949.056
O0,2048,2048,6,88.294,2094949.056
O0,2048,2048,7,87.560,2094949.056
O0,2048,2048,8,87.118,2094949.056
O0,2048,2048,9,86.898,2094949.056
O2,64,64,1,0.006,1992.227
O2,64,64,2,0.007,1992.227
O2,64,64,3,0.007,1992.227
O2,64,64,4,0.007,1992.227
O2,64,64,5,0.007,1992.227
O2,64,64,6,0.008,1992.227
O2,64,64,7,0.009,1992.227
O2,64,64,8,0.009,1992.227
O2,64,64,9,0.009,1992.227
O2,181,181,1,0.103,16273.180
O2,181,181,2,0.140,16273.180
O2,181,181,3,0.140,16273.180
O2,181,181,4,0.140,16273.180
O2,181,181,5,0.140,16273.180
O2,181,181,6,0.140,16273.180
O2,181,181,7,0.140,16273.180
O2,181,181,8,0.140,16273.180
O2,181,181,9,0.140,16273.180
O2,1254,1254,1,3.336,785346.871
O2,1254,1254,2,2.835,785346.871
O2,1254,1254,3,2.706,785346.871
O2,1254,1254,4,2.725,785346.871
O2,1254,1254,5,2.809,785346.871
O2,1254,1254,6,2.850,785346.871
O2,1254,1254,7,2.780,785346.871
O2,1254,1254,8,5.435,785346.871
O2,1254,1254,9,2.762,785346.871
O2,2048,2048,1,8.254,2094949.056
O2,2048,2048,2,8.047,2094949.056
O2,2048,2048,3,10.374,2094949.056
O2,2048,2048,4,8.621,2094949.056
O2,2048,2048,5,8.190,2094949.056
O2,2048,2048,6,8.092,2094949.056
O2,2048,2048,7,8.144,2094949.056
O2,2048,2048,8,8.216,2094949.056
O2,2048,2048,9,8.688,2094949.056
O3,64,64,1,0.002,1992.227
O3,64,64,2,0.002,1992.227
O3,64,64,3,0.002,1992.227
O3,64,64,4,0.002,1992.227
O3,64,64,5,0.003,1992.227
O3,64,64,6,0.004,1992.227
O3,64,64,7,0.008,1992.227
O3,64,64,8,0.007,1992.227
O3,64,64,9,0.007,1992.227
O3,181,181,1,0.038,16273.180
O3,181,181,2,0.037,16273.180
O3,181,181,3,0.037,16273.180
O3,181,181,4,0.038,16273.180
O3,181,181,5,0.038,16273.180
O3,181,181,6,0.037,16273.180
O3,181,181,7,0.038,16273.180
O3,181,181,8,0.038,16273.180
O3,181,181,9,0.040,16273.180
O3,1254,1254,1,0.617,785346.871
O3,1254,1254,2,0.611,785346.871
O3,1254,1254,3,0.598,785346.871
O3,1254,1254,4,0.599,785346.871
O3,1254,1254,5,0.590,785346.871
O3,1254,1254,6,0.576,785346.871
O3,1254,1254,7,0.588,785346.871
O3,1254,1254,8,0.611,785346.871
O3,1254,1254,9,0.586,785346.871
O3,2048,2048,1,2.204,2094949.056
O3,2048,2048,2,2.008,2094949.056
O3,2048,2048,3,2.160,2094949.056
O3,2048,2048,4,2.003,2094949.056
O3,2048,2048,5,2.017,2094949.056
O3,2048,2048,6,1.978,2094949.056
O3,2048,2048,7,1.963,2094949.056
O3,2048,2048,8,1.962,2094949.056
O3,2048,2048,9,1.965,2094949.056
O3-novec,64,64,1,0.006,1992.227
O3-novec,64,64,2,0.006,1992.227
O3-novec,64,64,3,0.007,1992.227
O3-novec,64,64,4,0.007,1992.227
O3-novec,64,64,5,0.008,1992.227
O3-novec,64,64,6,0.008,1992.227
O3-novec,64,64,7,0.008,1992.227
O3-novec,64,64,8,0.008,1992.227
O3-novec,64,64,9,0.009,1992.227
O3-novec,181,181,1,0.068,16273.180
O3-novec,181,181,2,0.068,16273.180
O3-novec,181,181,3,0.083,16273.180
O3-novec,181,181,4,0.170,16273.180
O3-novec,181,181,5,0.170,16273.180
O3-novec,181,181,6,0.170,16273.180
O3-novec,181,181,7,0.183,16273.180
O3-novec,181,181,8,0.185,16273.180
O3-novec,181,181,9,0.171,16273.180
O3-novec,1254,1254,1,3.299,785346.871
O3-novec,1254,1254,2,2.882,785346.871
O3-novec,1254,1254,3,2.706,785346.871
O3-novec,1254,1254,4,2.915,785346.871
O3-novec,1254,1254,5,2.957,785346.871
O3-novec,1254,1254,6,2.807,785346.871
O3-novec,1254,1254,7,2.873,785346.871
O3-novec,1254,1254,8,2.809,785346.871
O3-novec,1254,1254,9,2.881,785346.871
O3-novec,2048,2048,1,8.363,2094949.056
O3-novec,2048,2048,2,8.369,2094949.056
O3-novec,2048,2048,3,8.422,2094949.056
O3-novec,2048,2048,4,9.519,2094949.056
O3-novec,2048,2048,5,8.720,2094949.056
O3-novec,2048,2048,6,8.345,2094949.056
O3-novec,2048,2048,7,8.231,2094949.056
O3-novec,2048,2048,8,8.363,2094949.056
O3-novec,2048,2048,9,8.659,2094949.056
